mz,intensity,precursor_mz
78.05216077883667,1233.925827960176,826.4293348112062
116.57395451296962,7656.558347594253,826.4293348112062
118.05818418908028,11964.27708377742,826.4293348112062
176.58446928847954,2196.4510088294855,826.4293348112062
182.11541335804432,27834.319882646807,826.4293348112062
201.23468708874253,256.7165240223925,826.4293348112062
202.13661914985352,240.03285143083616,826.4293348112062
205.09542404656295,938.8021912178256,826.4293348112062
207.41599410008436,53.261992061379075,826.4293348112062
214.15106509905124,78.26439135656975,826.4293348112062
219.77119048534283,6710.75954079722,826.4293348112062
219.80876886522006,12939.48216096805,826.4293348112062
223.11917014217093,8817.13633274473,826.4293348112062
223.13468185926297,4580.25726718675,826.4293348112062
225.15344957088567,89.22130850570343,826.4293348112062
232.14132098718886,1664.9214756539325,826.4293348112062
244.1003131243048,110.12033817509683,826.4293348112062
253.45327003546154,1746.1776332802115,826.4293348112062
255.6189369946695,987.3614206134655,826.4293348112062
260.9669024652021,295.49261166134806,826.4293348112062
272.3360662752477,85.88218631984535,826.4293348112062
280.82690641688527,232.35661998691896,826.4293348112062
287.1678569300858,5832.753627792669,826.4293348112062
289.16288831197994,41158.56813671949,826.4293348112062
308.6260638418128,98.79876223162046,826.4293348112062
310.8457650210761,2047.7649876000146,826.4293348112062
313.8546297976604,158.36120941541344,826.4293348112062
316.2195398952735,116.92724407165673,826.4293348112062
317.44458409244095,161.76663028251951,826.4293348112062
319.6266657717483,222.53609202323452,826.4293348112062
323.66961403963614,264.1211284443873,826.4293348112062
333.7821517521661,177.53540367145897,826.4293348112062
337.9723451055307,990.128703108412,826.4293348112062
348.54072545990624,6176.981088763022,826.4293348112062
358.5168589102718,871.8730729926735,826.4293348112062
363.3618195144344,96.30511351024585,826.4293348112062
364.226348953496,325.3554323924476,826.4293348112062
364.44039461550176,136.69986241467936,826.4293348112062
364.6305123097603,118.9872981936115,826.4293348112062
369.23956323535515,118.49008466043502,826.4293348112062
369.5416259636528,74.14402006553298,826.4293348112062
380.2807721193581,181.82770702408934,826.4293348112062
380.58129485500217,235.91244366600242,826.4293348112062
382.84027972116826,4559.8811326832265,826.4293348112062
383.711518782953,161.2595149903411,826.4293348112062
386.7371995893411,387.40011654543576,826.4293348112062
392.40252815177956,323.2460237857291,826.4293348112062
397.5627799245036,1635.2656373180007,826.4293348112062
397.9260654912544,222.0630584242942,826.4293348112062
398.8573655591787,119.11436181912201,826.4293348112062
402.97684633534095,135.97262279029886,826.4293348112062
409.1834349565951,856.8545118585705,826.4293348112062
412.4263364484332,53.826025369010914,826.4293348112062
415.40806991374734,293.67683401135747,826.4293348112062
418.8427805421232,145.5882663692253,826.4293348112062
420.9989646626615,189.31009407477904,826.4293348112062
421.50765560410156,153.0384707603478,826.4293348112062
423.19588030872825,9163.573652807103,826.4293348112062
430.2461418863839,25013.89614269676,826.4293348112062
439.3126239055459,168.34789822777262,826.4293348112062
448.2870019972569,176.5085372609677,826.4293348112062
452.910198128656,179.23342266226413,826.4293348112062
455.30470342491907,120.03225946382236,826.4293348112062
456.3953271965747,135.39099107151216,826.4293348112062
458.0728499582068,197.02600577756155,826.4293348112062
459.2064199084023,382.5504487952547,826.4293348112062
460.18582184174124,140.35988924397955,826.4293348112062
475.98837028389045,485.11095322951655,826.4293348112062
485.5027250756117,83.7431086461366,826.4293348112062
488.12657584787945,101.33222975639623,826.4293348112062
492.5435304718449,170.55935985241302,826.4293348112062
494.2140756803852,412.354497024727,826.4293348112062
494.2164170232019,60.971090679066215,826.4293348112062
494.3771764554937,338.7480096738454,826.4293348112062
496.8178060280891,152.12285800268668,826.4293348112062
497.05274431409106,134.64588359186254,826.4293348112062
498.91903494352346,184.21928281608788,826.4293348112062
499.28506276709396,343.6955219138623,826.4293348112062
503.9011647706507,5451.009797619317,826.4293348112062
505.3316893500749,300.8354735870242,826.4293348112062
509.03578711099806,67.46385306058785,826.4293348112062
513.0906147341345,225.7173022691633,826.4293348112062
517.7426881933059,76.1510976550057,826.4293348112062
522.1690832816441,367.6353010873947,826.4293348112062
522.3086448540845,8505.919297672881,826.4293348112062
529.8683188142131,100.44371356809535,826.4293348112062
530.2402140297586,12603.243659246566,826.4293348112062
531.5449321875578,198.04575147127136,826.4293348112062
535.3707135589987,221.7029286529593,826.4293348112062
541.3369393781087,39.919165088917715,826.4293348112062
546.9136111477276,8536.56601965121,826.4293348112062
553.4491491173064,98.52620064676184,826.4293348112062
563.6084105378461,241.6132810963392,826.4293348112062
564.6106921012457,291.5325442150279,826.4293348112062
565.9204728477273,7599.024536013145,826.4293348112062
569.5175297269128,41.045819080218195,826.4293348112062
573.7569911028373,2360.4687718367995,826.4293348112062
577.326408407299,223.5972681916957,826.4293348112062
579.2034314838701,208.8167190688451,826.4293348112062
584.714319029104,266.6908776734043,826.4293348112062
590.6532532801972,1468.7304293659781,826.4293348112062
595.845340225795,7513.243068085719,826.4293348112062
598.9173842814346,149.9351370214507,826.4293348112062
611.6445369527005,170.92912676060575,826.4293348112062
613.817851145283,356.96804445117607,826.4293348112062
620.6170630213402,235.73810250816683,826.4293348112062
622.5049087606824,156.36645941430672,826.4293348112062
632.8170577892722,231.77135079216157,826.4293348112062
650.0658170407578,409.0696977475644,826.4293348112062
655.9341872856094,262.8184439331884,826.4293348112062
655.9652500589463,6194.836990861447,826.4293348112062
657.299181937993,1558.4594975706816,826.4293348112062
657.4155367280697,8501.273069665935,826.4293348112062
678.2729735386906,109.43742327736106,826.4293348112062
680.0025279222959,231.01294032034355,826.4293348112062
682.5284956626249,106.5562816726178,826.4293348112062
683.0462961048567,55.12251685244602,826.4293348112062
686.5221419393981,276.53520631686104,826.4293348112062
698.8052499928473,7069.3795525392115,826.4293348112062
709.4413733921311,168.63259040779673,826.4293348112062
710.3873576128776,247.95364450976996,826.4293348112062
712.858040359321,246.25712313150768,826.4293348112062
717.3061140178663,75.87600692887054,826.4293348112062
717.3975461539358,106.5646479899864,826.4293348112062
726.1118842555406,53.34152238168037,826.4293348112062
726.4783687515963,422.2264754445229,826.4293348112062
740.9797333881563,98.82945167951355,826.4293348112062
742.1809136917235,27.364490882053737,826.4293348112062
745.4324019301672,12237.737150757546,826.4293348112062
748.3078630254008,279.9234952997703,826.4293348112062
751.5967179385491,694.694317978461,826.4293348112062
756.4220235619429,75.90402083432747,826.4293348112062
758.3468486204019,6902.426080644496,826.4293348112062
763.5341105831681,67.14272025709525,826.4293348112062
768.9698690172871,171.16813344111645,826.4293348112062
769.111293608488,25893.980088755616,826.4293348112062
789.4910942614022,69.3183856850982,826.4293348112062
798.4785749208744,169.7565301681769,826.4293348112062
803.0630223869999,170.62030121419778,826.4293348112062
807.4821193800985,374.41984266488,826.4293348112062
811.7984428683642,29109.898798410242,826.4293348112062
817.2471927514165,136.79624363695345,826.4293348112062
819.8702918798316,695.1643762426472,826.4293348112062
820.7428415558398,42.420076628227804,826.4293348112062
826.5905798700768,207.66789411829268,826.4293348112062
833.4972842485315,196.46440268953663,826.4293348112062
834.3270504442648,1051.5389265834715,826.4293348112062
834.7553517600561,114.84161937031719,826.4293348112062
840.1526222295217,345.24290751813805,826.4293348112062
845.3784873068033,15829.25896427516,826.4293348112062
848.3758625522767,2888.462771879065,826.4293348112062
849.8502863962401,268.0003747031594,826.4293348112062
859.4940590891315,21310.94617050288,826.4293348112062
860.0677310496213,172.5915777526768,826.4293348112062
868.1462085597714,113.94435544586628,826.4293348112062
874.4117662415694,166.5999397688382,826.4293348112062
894.3940259081627,141.38591268411326,826.4293348112062
895.9214671303272,361.7762794949338,826.4293348112062
901.3099117947929,74.13985152980167,826.4293348112062
905.6133432387926,99.51984005707091,826.4293348112062
912.4066562202621,8792.22153402707,826.4293348112062
914.1080817177469,111.20982830058912,826.4293348112062
918.460875465691,79.01909925010013,826.4293348112062
921.7120105260285,111.01323635451769,826.4293348112062
922.8264908766408,392.30667727592095,826.4293348112062
925.1824364012533,201.6563771738558,826.4293348112062
928.0790056973822,402.8190417285875,826.4293348112062
928.2737126485513,102.401150484481,826.4293348112062
930.5270009415634,14208.052237439326,826.4293348112062
937.1419586732527,24449.232040977393,826.4293348112062
938.6582490724657,1760.9280959342013,826.4293348112062
942.0922935181097,174.43670496240134,826.4293348112062
947.9265069617344,3024.8746658920236,826.4293348112062
951.4941298241644,352.3659234215425,826.4293348112062
954.6456783425889,182.20382459943443,826.4293348112062
960.4066697474356,2693.4287978044467,826.4293348112062
965.8651587279077,18831.07655569113,826.4293348112062
977.78653695398,168.30490554742417,826.4293348112062
978.4402865992328,170.41766269492055,826.4293348112062
980.9267228750637,148.73151509284722,826.4293348112062
981.2732406810624,87.17597333709014,826.4293348112062
982.700637120129,108.13174016857624,826.4293348112062
983.4455457170149,11411.622335430631,826.4293348112062
983.4629434075902,240.7276870382344,826.4293348112062
994.8697643598681,76228.78852270923,826.4293348112062
1003.197643050746,185.55634316722492,826.4293348112062
1007.7239475780665,426.0092925140256,826.4293348112062
1017.0626378987033,44.86131526752702,826.4293348112062
1019.8458379646479,124.6088340670602,826.4293348112062
1021.9955719649607,81.69227060584319,826.4293348112062
1022.5335338264933,47.79506880154441,826.4293348112062
1022.6774902529643,125.33349080389489,826.4293348112062
1023.8908756776693,12431.76400908659,826.4293348112062
1029.1751558516,2792.744365231228,826.4293348112062
1051.3548316093836,944.510971360841,826.4293348112062
1056.22547750677,183.80496706537835,826.4293348112062
1056.9154485121933,12149.574389743246,826.4293348112062
1059.4725447450278,396.37584196168416,826.4293348112062
1066.3415860546588,301.72023115016856,826.4293348112062
1070.9287373540392,187.00590396443286,826.4293348112062
1082.1254546017544,17229.29142138997,826.4293348112062
1090.5507676548461,1644.067060279774,826.4293348112062
1091.5088574189422,262.07348314148373,826.4293348112062
1092.1601084084994,70.76442544189163,826.4293348112062
1095.2537179709948,3932.8887464173185,826.4293348112062
1096.4180876182427,82.57080983547938,826.4293348112062
1098.697474325265,23.648171754181995,826.4293348112062
1101.1075263820833,99.34320058033926,826.4293348112062
1101.650832073261,267.63763800514363,826.4293348112062
1102.3618796085548,76.58435811226278,826.4293348112062
1104.5985216962408,199.84076066463996,826.4293348112062
1108.4308484725589,675.6286578089222,826.4293348112062
1121.0273974089318,57.604481034018505,826.4293348112062
1123.0673768248416,148.47360177254157,826.4293348112062
1124.2645223653833,4674.694589802173,826.4293348112062
1128.0184111774802,308.5393405698051,826.4293348112062
1134.8121098045267,104.91609944897597,826.4293348112062
1136.662143064798,391.8496470269067,826.4293348112062
1137.9986325020182,92.54181800293416,826.4293348112062
1142.5210427749803,139.0091895862907,826.4293348112062
1144.006269391804,45.79456071443553,826.4293348112062
1145.3106053605352,264.94767514170866,826.4293348112062
1146.5066898770049,1251.5148908988688,826.4293348112062
1153.1552233733453,9672.847407321726,826.4293348112062
1157.9473738414008,10457.604997496897,826.4293348112062
1160.20930965437,221.07672010310358,826.4293348112062
1169.1680733478702,291.7309012233469,826.4293348112062
1194.6281130941072,189.95937590992523,826.4293348112062
1198.2383407734005,287.34732277004207,826.4293348112062
1200.1376763514727,99.95934175851629,826.4293348112062
1204.2372593437194,112.28127895251974,826.4293348112062
1206.9651162895993,8637.376555380668,826.4293348112062
1207.0330250420127,81.76417871342356,826.4293348112062
1207.3998416279337,136.21639193969105,826.4293348112062
1211.9721627464855,140.95213264477223,826.4293348112062
1212.8184905016274,205.77737780959305,826.4293348112062
1221.100638695375,167.19943919124793,826.4293348112062
1226.2610021924568,187.88621833629804,826.4293348112062
1228.6104405027995,177.046537852435,826.4293348112062
1228.6217401982274,6298.976650533104,826.4293348112062
1233.5311178596057,16570.86396749341,826.4293348112062
1236.8398161986038,147.64133191217854,826.4293348112062
1237.2216023601045,357.26077275858205,826.4293348112062
1238.9020259371857,319.68628768698875,826.4293348112062
1240.64744883928,29311.89018708955,826.4293348112062
1247.4905773625574,302.588366217684,826.4293348112062
1247.7201590993866,97.60100156840325,826.4293348112062
1248.3994754546454,95.87823171014016,826.4293348112062
1249.5703873148352,50.789584266500576,826.4293348112062
1250.0042140213054,96.30522499788063,826.4293348112062
1256.1261871019224,847.5516932660163,826.4293348112062
1265.480646723751,184.73436332665725,826.4293348112062
1265.6366637489834,400.4355030798747,826.4293348112062
1278.3717081188727,89.7604694315165,826.4293348112062
1280.6518823420806,3649.4593030152846,826.4293348112062
1290.5989001597663,105.8382667682489,826.4293348112062
1294.9899591541885,161.743810963967,826.4293348112062
1302.6736541732512,2125.639311458316,826.4293348112062
1305.094260735142,152.22545618929672,826.4293348112062
1305.1712179894664,126.61772198286263,826.4293348112062
1310.2215964588072,15390.337639291887,826.4293348112062
1314.484294263525,156.92848883222027,826.4293348112062
1315.9870094420605,571.3375058437377,826.4293348112062
1317.0156637208174,462.2444638462952,826.4293348112062
1319.7315466113046,2405.484742793372,826.4293348112062
1323.783836971625,82.55222595075303,826.4293348112062
1331.0254089152609,21002.613604619313,826.4293348112062
1350.0533766415074,73.90229836845138,826.4293348112062
1351.7088927125374,15382.631161878877,826.4293348112062
1352.3478833507677,115.4223882281963,826.4293348112062
1361.1559112996933,221.83391283840217,826.4293348112062
1377.1767674062464,134.23778778278273,826.4293348112062
1383.7528490886707,78.28997544061865,826.4293348112062
1396.5967241771425,8151.7922017134,826.4293348112062
1405.2028260157326,3093.579651294155,826.4293348112062
1410.4967967798932,169.2067224771916,826.4293348112062
1415.2772837414282,144.49126933931126,826.4293348112062
1429.8990313176755,171.90306783106874,826.4293348112062
1436.021442936547,282.1563105050694,826.4293348112062
1440.5047233715648,127.71376763379314,826.4293348112062
1447.0386636595413,75.982864496278,826.4293348112062
1448.295146074404,6096.798649921908,826.4293348112062
1450.7850976394848,90.67098060517583,826.4293348112062
1451.9671000270946,29.52531453482971,826.4293348112062
1458.2666475976432,72.99457217475465,826.4293348112062
1460.356889176532,302.4912573295518,826.4293348112062
1465.751644845815,129.3117638402758,826.4293348112062
1469.7293123881873,20901.989175837127,826.4293348112062
1474.9041021069984,116.99849542199128,826.4293348112062
1475.8386360642537,178.1072504150346,826.4293348112062
1483.8395543905503,106.47695696834282,826.4293348112062
1486.0668362649349,50.05312342732039,826.4293348112062
1491.815041416833,5843.357373492018,826.4293348112062
1494.7453879732964,65.7794079642695,826.4293348112062
1495.9030844672072,509.4413331214117,826.4293348112062
1502.6116807505427,114.81596587244233,826.4293348112062
1510.2253439185677,691.4798061124575,826.4293348112062
1521.5556945042301,193.3207868384515,826.4293348112062
1521.5982035072689,39.7732273850399,826.4293348112062
1528.4960541490789,174.32267386086994,826.4293348112062
1530.2749948477235,182.0233393811176,826.4293348112062
1535.328850181438,4356.964908485206,826.4293348112062
1552.4788632651248,183.3029872323044,826.4293348112062
1560.4166258619152,134.08972870968273,826.4293348112062
1561.3792553111039,373.0403397582005,826.4293348112062
1562.5263290415032,359.5577201782131,826.4293348112062
1569.9557445402324,153.7192957301881,826.4293348112062
1572.3737286904334,60.274534178654136,826.4293348112062
1576.9011850203763,122.34634823436295,826.4293348112062
1578.296581537162,330.340341451703,826.4293348112062
1584.702352192335,118.38423836432952,826.4293348112062
1584.8594629811112,2714.805877469582,826.4293348112062
1598.537948604489,506.1004611044763,826.4293348112062
1599.8087627066332,19793.640912589166,826.4293348112062
1608.3234166358257,255.6589703192934,826.4293348112062
1613.9198666564635,69.61716003621484,826.4293348112062
1634.5169248491954,126.30865464719774,826.4293348112062
1638.7265338046452,8399.736875940494,826.4293348112062
1645.6733259984703,123.48826843251103,826.4293348112062
1646.7833753786997,122.3430175046672,826.4293348112062
1647.6471728280956,171.52670665892754,826.4293348112062
1649.157544512561,137.22964315811308,826.4293348112062
1663.3453352764725,288.7827195642068,826.4293348112062
1681.4866990209655,61.62606780134909,826.4293348112062
1685.9713076985438,42.88240247557421,826.4293348112062
1695.7382151859092,2254.7642814805918,826.4293348112062
1695.8647400766627,261.4320273013536,826.4293348112062
1696.4252396572167,883.2760420209013,826.4293348112062
1696.44395074843,122.08990415280476,826.4293348112062
1699.3339078260956,227.19291831788846,826.4293348112062
1736.3564294370992,2657.488178723855,826.4293348112062
1823.799004067286,13212.462719797553,826.4293348112062
1860.4770732729967,22932.38340539489,826.4293348112062
1888.9935656565294,5264.573276989231,826.4293348112062
1894.8482276132802,2519.374539260918,826.4293348112062
1920.4813208019493,35102.410612184416,826.4293348112062
1949.0004453533859,891.7413724486582,826.4293348112062
1965.8804473520324,45596.83433704911,826.4293348112062
2027.0310237581953,3879.0271583124236,826.4293348112062
2305.3120444904903,3694.1706054901515,826.4293348112062
2433.369954199593,2234.938908881182,826.4293348112062
2619.4344189335015,29233.26602983095,826.4293348112062
2732.5267862856867,3765.8755602864558,826.4293348112062
2809.3910273095767,1997.7652447340188,826.4293348112062
2938.441708520014,2048.22244977741,826.4293348112062
2982.6402095508333,17299.013343080936,826.4293348112062
3069.6459956793365,4418.916774546538,826.4293348112062
3085.524220478718,4319.087461513186,826.4293348112062
3198.6097900530062,2076.6109987697505,826.4293348112062
3269.6311780929864,2326.648053276909,826.4293348112062
3283.736604899716,15613.171276995929,826.4293348112062
3370.796635435014,6547.022829096966,826.4293348112062
3471.8339115827985,7964.1748999892825,826.4293348112062
3584.8079622752557,7796.594783058356,826.4293348112062
3618.896877558586,5886.7096362056545,826.4293348112062
3683.8571569155674,3384.9795713182134,826.4293348112062
3719.966603948309,1663.239630424268,826.4293348112062
3776.9548960781017,8468.42452350429,826.4293348112062
3839.9539389468437,2145.3725928888043,826.4293348112062
3896.9538198693704,6045.8391160745205,826.4293348112062
3991.0726725097693,19689.216448809835,826.4293348112062
4053.0784375919416,3882.0191346453275,826.4293348112062
